<?xml version="1.0" ?>
<UniversalRadioHackerProject description="" collapse_project_tabs="0" modulation_was_edited="0" broadcast_address_hex="ffff">
  <modulators>
    <modulator carrier_freq_hz="40000.0" carrier_amplitude="1.0" carrier_phase_deg="0.0" samples_per_symbol="100" name="Modulator" gauss_bt="0.5" gauss_filter_width="1.0" sample_rate="None" modulation_type="ASK" index="0" parameters="0.0,100.0" bits_per_symbol="1"/>
  </modulators>
  <device_conf>
    <apply_dc_correction>True</apply_dc_correction>
    <bandwidth>2000000.0</bandwidth>
    <bias_tee_enabled>False</bias_tee_enabled>
    <freq_correction>1</freq_correction>
    <frequency>924999938.953125</frequency>
    <gain>20</gain>
    <name>HackRF</name>
    <num_sending_repeats>0</num_sending_repeats>
    <rx_antenna_index>-1</rx_antenna_index>
    <rx_baseband_gain>14</rx_baseband_gain>
    <rx_gain>0</rx_gain>
    <rx_if_gain>16</rx_if_gain>
    <sample_rate>2000000.0</sample_rate>
  </device_conf>
  <simulator_rx_conf/>
  <simulator_tx_conf/>
  <signal name="HackRF-20200910_171924-925MHz-2MSps-2MHz" filename="HackRF-20200910_171924-925MHz-2MSps-2MHz.complex16s" samples_per_symbol="100" center="0" center_spacing="1" tolerance="5" noise_threshold="0.5973638087463954" noise_minimum="-0.92075" noise_maximum="-0.07924999999999999" modulation_type="FSK" sample_rate="2000000.0" pause_threshold="8" message_length_divisor="1" bits_per_symbol="1">
    <messages/>
  </signal>
  <open_file name="HackRF-20200910_171924-925MHz-2MSps-2MHz.complex16s" position="0"/>
  <group name="New Group" id="0">
    <cf_protocol filename="HackRF-20200910_171924-925MHz-2MSps-2MHz.complex16s"/>
  </group>
  <protocol>
    <decodings>
      <decoding>'Non Return To Zero (NRZ)', </decoding>
      <decoding>'Non Return To Zero + Invert', 'Invert', </decoding>
      <decoding>'Manchester I', 'Edge Trigger', </decoding>
      <decoding>'Manchester II', 'Edge Trigger', 'Invert', </decoding>
      <decoding>'Differential Manchester', 'Edge Trigger', 'Differential Encoding', </decoding>
    </decodings>
    <participants>
      <participant name="Alice" shortname="A" address_hex="" color_index="0" id="13474080-a362-45c4-8d77-7c4d08774128" relative_rssi="0" simulate="0"/>
      <participant name="Bob" shortname="B" address_hex="" color_index="1" id="5e3a1f4a-1b60-4c61-b0f4-3bf5b4878f02" relative_rssi="1" simulate="0"/>
    </participants>
    <messages>
      <message message_type_id="c24a3edd-0589-49ad-835a-9c354bfded31" modulator_index="0" pause="7129" timestamp="1599837386.556066" decoding_index="0"/>
      <message message_type_id="c24a3edd-0589-49ad-835a-9c354bfded31" modulator_index="0" pause="438191" timestamp="1599837386.556152" decoding_index="0"/>
      <message message_type_id="c24a3edd-0589-49ad-835a-9c354bfded31" modulator_index="0" pause="720386" timestamp="1599837386.556236" decoding_index="0"/>
      <message message_type_id="c24a3edd-0589-49ad-835a-9c354bfded31" modulator_index="0" pause="7129" timestamp="1599837386.556331" decoding_index="0"/>
      <message message_type_id="c24a3edd-0589-49ad-835a-9c354bfded31" modulator_index="0" pause="890026" timestamp="1599837386.556421" decoding_index="0"/>
      <message message_type_id="c24a3edd-0589-49ad-835a-9c354bfded31" modulator_index="0" pause="900559" timestamp="1599837386.556491" decoding_index="0"/>
      <message message_type_id="c24a3edd-0589-49ad-835a-9c354bfded31" modulator_index="0" pause="2301826" timestamp="1599837386.556559" decoding_index="0"/>
      <message message_type_id="c24a3edd-0589-49ad-835a-9c354bfded31" modulator_index="0" pause="7129" timestamp="1599837386.556627" decoding_index="0"/>
      <message message_type_id="c24a3edd-0589-49ad-835a-9c354bfded31" modulator_index="0" pause="212269" timestamp="1599837386.5567129" decoding_index="0"/>
      <message message_type_id="c24a3edd-0589-49ad-835a-9c354bfded31" modulator_index="0" pause="2075904" timestamp="1599837386.5567832" decoding_index="0"/>
      <message message_type_id="c24a3edd-0589-49ad-835a-9c354bfded31" modulator_index="0" pause="223367" timestamp="1599837386.556829" decoding_index="0"/>
      <message message_type_id="c24a3edd-0589-49ad-835a-9c354bfded31" modulator_index="0" pause="250988" timestamp="1599837386.55687" decoding_index="0"/>
      <message message_type_id="c24a3edd-0589-49ad-835a-9c354bfded31" modulator_index="0" pause="2045598" timestamp="1599837386.55691" decoding_index="0"/>
      <message message_type_id="c24a3edd-0589-49ad-835a-9c354bfded31" modulator_index="0" pause="449279" timestamp="1599837386.556981" decoding_index="0"/>
      <message message_type_id="c24a3edd-0589-49ad-835a-9c354bfded31" modulator_index="0" pause="7128" timestamp="1599837386.557025" decoding_index="0"/>
      <message message_type_id="c24a3edd-0589-49ad-835a-9c354bfded31" modulator_index="0" pause="14727" timestamp="1599837386.557065" decoding_index="0"/>
      <message message_type_id="c24a3edd-0589-49ad-835a-9c354bfded31" modulator_index="0" pause="1531777" timestamp="1599837386.557104" decoding_index="0"/>
      <message message_type_id="c24a3edd-0589-49ad-835a-9c354bfded31" modulator_index="0" pause="193063" timestamp="1599837386.557151" decoding_index="0"/>
      <message message_type_id="c24a3edd-0589-49ad-835a-9c354bfded31" modulator_index="0" pause="7167" timestamp="1599837386.557214" decoding_index="0"/>
      <message message_type_id="c24a3edd-0589-49ad-835a-9c354bfded31" modulator_index="0" pause="302631" timestamp="1599837386.5572789" decoding_index="0"/>
      <message message_type_id="c24a3edd-0589-49ad-835a-9c354bfded31" modulator_index="0" pause="477665" timestamp="1599837386.557343" decoding_index="0"/>
      <message message_type_id="c24a3edd-0589-49ad-835a-9c354bfded31" modulator_index="0" pause="494204" timestamp="1599837386.5574331" decoding_index="0"/>
      <message message_type_id="c24a3edd-0589-49ad-835a-9c354bfded31" modulator_index="0" pause="2227840" timestamp="1599837386.55752" decoding_index="0"/>
      <message message_type_id="c24a3edd-0589-49ad-835a-9c354bfded31" modulator_index="0" pause="7136" timestamp="1599837386.557605" decoding_index="0"/>
      <message message_type_id="c24a3edd-0589-49ad-835a-9c354bfded31" modulator_index="0" pause="1341856" timestamp="1599837386.5577002" decoding_index="0"/>
      <message message_type_id="c24a3edd-0589-49ad-835a-9c354bfded31" modulator_index="0" pause="477679" timestamp="1599837386.5577931" decoding_index="0"/>
      <message message_type_id="c24a3edd-0589-49ad-835a-9c354bfded31" modulator_index="0" pause="537735" timestamp="1599837386.5578802" decoding_index="0"/>
      <message message_type_id="c24a3edd-0589-49ad-835a-9c354bfded31" modulator_index="0" pause="1051549" timestamp="1599837386.5579531" decoding_index="0"/>
      <message message_type_id="c24a3edd-0589-49ad-835a-9c354bfded31" modulator_index="0" pause="222471" timestamp="1599837386.5580428" decoding_index="0"/>
      <message message_type_id="c24a3edd-0589-49ad-835a-9c354bfded31" modulator_index="0" pause="7133" timestamp="1599837386.558134" decoding_index="0"/>
      <message message_type_id="c24a3edd-0589-49ad-835a-9c354bfded31" modulator_index="0" pause="240664" timestamp="1599837386.5582058" decoding_index="0"/>
      <message message_type_id="c24a3edd-0589-49ad-835a-9c354bfded31" modulator_index="0" pause="2045597" timestamp="1599837386.5583732" decoding_index="0"/>
      <message message_type_id="c24a3edd-0589-49ad-835a-9c354bfded31" modulator_index="0" pause="477677" timestamp="1599837386.558461" decoding_index="0"/>
      <message message_type_id="c24a3edd-0589-49ad-835a-9c354bfded31" modulator_index="0" pause="57143" timestamp="1599837386.558536" decoding_index="0"/>
      <message message_type_id="c24a3edd-0589-49ad-835a-9c354bfded31" modulator_index="0" pause="4493" timestamp="1599841531.251203" decoding_index="0"/>
    </messages>
    <message_types>
      <message_type name="Default" id="c24a3edd-0589-49ad-835a-9c354bfded31" assigned_by_ruleset="0" assigned_by_logic_analyzer="0">
        <label name="preamble" start="0" end="32" color_index="0" apply_decoding="True" show="2" display_format_index="0" display_bit_order_index="0" display_endianness="big" fuzz_me="2" fuzz_values="" auto_created="False"/>
        <label name="synchronization" start="32" end="48" color_index="1" apply_decoding="True" show="2" display_format_index="0" display_bit_order_index="0" display_endianness="big" fuzz_me="2" fuzz_values="" auto_created="False"/>
        <label name="length" start="48" end="56" color_index="2" apply_decoding="True" show="2" display_format_index="3" display_bit_order_index="0" display_endianness="big" fuzz_me="2" fuzz_values="" auto_created="False"/>
        <label name="sequence number" start="56" end="64" color_index="3" apply_decoding="True" show="2" display_format_index="3" display_bit_order_index="0" display_endianness="big" fuzz_me="2" fuzz_values="" auto_created="False"/>
        <label name="Device ID" start="64" end="72" color_index="4" apply_decoding="True" show="2" display_format_index="0" display_bit_order_index="0" display_endianness="big" fuzz_me="2" fuzz_values="" auto_created="False"/>
        <label name="Network ID" start="88" end="96" color_index="5" apply_decoding="True" show="2" display_format_index="0" display_bit_order_index="0" display_endianness="big" fuzz_me="2" fuzz_values="" auto_created="False"/>
        <checksum_label name="checksum" start="248" end="264" color_index="6" apply_decoding="True" show="2" display_format_index="1" display_bit_order_index="0" display_endianness="little" fuzz_me="2" fuzz_values="" auto_created="False" data_ranges="[[48, 248]]" category="generic">
          <crc polynomial="10001000000100001" start_value="0000000000000000" final_xor="0000000000000000" ref_in="0" ref_out="0"/>
        </checksum_label>
        <ruleset mode="0"/>
      </message_type>
    </message_types>
  </protocol>
  <simulator_config>
    <items/>
  </simulator_config>
</UniversalRadioHackerProject>
